id,title,score,type,eps,year
ap_1,Frieren: Beyond Journey's End,4.6,TV,28,2023 - 2024
ap_2,Frieren: Beyond Journey's End Season 2,4.6,TV,4+,2026 - ?
ap_3,The Apothecary Diaries 2nd Season,4.6,TV,24,2025
ap_4,The Apothecary Diaries,4.6,TV,24,2023 - 2024
ap_5,Fullmetal Alchemist: Brotherhood,4.6,TV,64,2009 - 2010
ap_6,Heaven Official's Blessing 2nd Season,4.5,Web,12,2023 - 2024
ap_7,Demon Slayer: Kimetsu no Yaiba Movie - Infinity Castle: Part 1,4.5,Movie,1 ep,2025
ap_8,The Master of Diabolism 3,4.5,Web,12,2021
ap_9,Attack on Titan 3rd Season: Part II,4.5,TV,10,2019
ap_10,Demon Slayer: Kimetsu no Yaiba - Entertainment District Arc,4.5,TV,11,2021 - 2022
ap_11,Fruits Basket the Final Season,4.5,TV,13,2021
ap_12,Haikyuu!! Karasuno High School vs Shiratorizawa Academy,4.5,TV,10,2016
ap_13,Solo Leveling Season 2: Arise from the Shadow,4.5,TV,13,2025
ap_14,Chainsaw Man: The Movie - Reze Arc,4.5,Movie,1 ep,2025
ap_15,Bleach: Thousand-Year Blood War,4.5,TV,13,2022
ap_16,A Silent Voice,4.5,Movie,1 ep,2016
ap_17,Heaven Official's Blessing Special,4.5,Web,1 ep,2021
ap_18,Haikyuu!! Second Season,4.5,TV,25,2015 - 2016
ap_19,your name.,4.5,Movie,1 ep,2016
ap_20,Attack on Titan The Final Season: The Final Chapters,4.5,TV Special,2,2023
ap_21,Hunter x Hunter (2011),4.5,TV,148,2011 - 2014
ap_22,Jujutsu Kaisen,4.5,TV,24,2020 - 2021
ap_23,Link Click 2nd Season,4.5,Web,12,2023
ap_24,One Piece: Fan Letter,4.5,TV Special,1 ep,2024
ap_25,Attack on Titan The Final Season,4.5,TV,16,2020 - 2021
ap_26,Haikyuu!! To the Top: Part II,4.5,TV,12,2020
ap_27,Haikyuu!! Movie 5: The Dumpster Battle,4.5,Movie,1 ep,2024
ap_28,Demon Slayer: Kimetsu no Yaiba Movie - Mugen Train,4.5,Movie,1 ep,2020
ap_29,Code Geass: Lelouch of the Rebellion R2,4.5,TV,25,2008
ap_30,Gintama: The Very Final,4.5,Movie,1 ep,2021
ap_31,Kaguya-sama: Love is War - Ultra Romantic,4.5,TV,13,2022
ap_32,ALIEN STAGE,4.5,Web,11,2022
ap_33,Heaven Official's Blessing,4.5,Web,11,2020 - 2021
ap_34,Violet Evergarden Movie,4.5,Movie,1 ep,2020
ap_35,The Master of Diabolism 2,4.5,Web,8,2019
ap_36,Swallowed Star 2nd Season,4.2,Web,26,2021 - 2022
ap_37,Fairy Tail 2,4.2,TV,102,2014 - 2016
ap_38,Major Season 6,4.2,TV,25,2010
ap_39,Black Lagoon: The Second Barrage,4.2,TV,12,2006
ap_40,Re:ZERO: Starting Life in Another World Season 3,4.2,TV,8,2024
ap_41,Run with the Wind,4.2,TV,23,2018 - 2019
ap_42,Chihayafuru 2,4.2,TV,25,2013
ap_43,Soul Land,4.2,Web,26,2018
ap_44,Shouwa Genroku Rakugo Shinjuu,4.2,TV,13,2016
ap_45,Food Wars! The Third Plate,4.2,TV,12,2017
ap_46,Black Butler: Book of Murder,4.2,OVA,2,2014
ap_47,Major Season 3,4.2,TV,26,2007
ap_48,Bungo Stray Dogs Wan!,4.2,TV,12,2021
ap_49,A Place Further Than the Universe,4.2,TV,13,2018
ap_50,No Game No Life,4.2,TV,12,2014
ap_51,Re:ZERO: Starting Life in Another World Season 2,4.2,TV,13,2020
ap_52,Food Wars! Shokugeki no Souma,4.2,TV,24,2015
ap_53,Evangelion: 2.0 You Can (Not) Advance,4.2,Movie,1 ep,2009
ap_54,Black Butler: Book of Circus,4.2,TV,10,2014
ap_55,My Hero Academia Movie 2: Heroes:Rising,4.2,Movie,1 ep,2019
ap_56,Kingdom 2,4.2,TV,39,2013 - 2014
ap_57,Fairy Tail: Final Season,4.2,TV,51,2018 - 2019
ap_58,Kuroko's Basketball,4.2,TV,25,2012
ap_59,Made in Abyss: Hourou Suru Tasogare,4.2,Movie,1 ep,2019
ap_60,JoJo's Bizarre Adventure: Stone Ocean,4.2,Web,12,2021
ap_61,Nausicaa of the Valley of the Wind,4.2,Movie,1 ep,1984
ap_62,Initial D Final Stage,4.2,TV,4,2014
ap_63,My Dress-Up Darling Season 2,4.2,TV,12,2025
ap_64,Detective Conan Movie 20: The Darkest Nightmare,4.2,Movie,1 ep,2016
ap_65,The Eminence in Shadow,4.2,TV,20,2022 - 2023
ap_66,Food Wars! The Third Plate: Totsuki Train Arc,4.2,TV,12,2018
ap_67,Hunter x Hunter OVA 3: Greed Island Final,4.2,OVA,14,2004
ap_68,SPY x FAMILY Season 2,4.2,TV,12,2023
ap_69,Maid-sama!,4.2,TV,26,2010
ap_70,The Legend of Hei 2,4.2,Movie,1 ep,2025
ap_71,Zoku Owarimonogatari,4.2,Movie,1 ep,2018
ap_72,Haikyuu!! Movie 1: Owari to Hajimari,4.2,Movie,1 ep,2015
ap_73,Overlord,4.2,TV,13,2015
ap_74,Fanren Xiu Xian Chuan: Di Er Ji Nian Fan,4.2,Web,48,2023 - 2024
ap_75,Hunter x Hunter,4.2,TV,62,1999 - 2001
ap_76,Kids on the Slope,4.2,TV,12,2012
ap_77,Girls und Panzer das Finale: Part 4,4.2,Movie,1 ep,2023
ap_78,Tengen Toppa Gurren Lagann: Lagann-hen,4.2,Movie,1 ep,2009
ap_79,Fullmetal Alchemist,4.2,TV,51,2003 - 2004
ap_80,Major Season 2,4.2,TV,26,2005 - 2006
ap_81,K-On! Movie,4.2,Movie,1 ep,2011
ap_82,Gintama: Shinyaku Benizakura-hen Special,4.2,DVD Special,1 ep,2010
ap_83,InuYasha: The Final Act,4.2,TV,26,2009 - 2010
ap_84,Dragon Ball Super Movie: Broly,4.2,Movie,1 ep,2018
ap_85,Given Movie 2: Hiiragi Mix,4.2,Movie,1 ep,2024
ap_86,Scissor Seven 2nd Season,4.2,Web,10,2019 - 2020
ap_87,ALIEN STAGE: PROLOGUE,4.2,Web,1 ep,2022
ap_88,Fruits Basket: Prelude,4.2,Movie,1 ep,2022
ap_89,Haikyuu!! Riku vs Kuu,4.2,OVA,2,2020
ap_90,Mushoku Tensei: Jobless Reincarnation 2nd Season,4.2,TV,12,2023
ap_91,Medalist,4.2,TV,13,2025
ap_92,Orb: On the Movements of the Earth,4.2,TV,25,2024 - 2025
ap_93,Evangelion: 3.0+1.0 Thrice Upon a Time,4.2,Movie,1 ep,2021
ap_94,Fate/stay night: Unlimited Blade Works,4.2,TV,12,2014
ap_95,Gintama: Yorinuki Gintama-san on Theater 2D,4.2,Other,2,2012
ap_96,Assassination Classroom,4.2,TV,22,2015
ap_97,No Game No Life: Zero,4.2,Movie,1 ep,2017
ap_98,Silver Spoon 2nd Season,4.2,TV,11,2014
ap_99,Buddy Daddies,4.2,TV,12,2023
ap_100,MILGRAM,4.2,Music Video,33+,2020 - ?
ap_101,Black Butler: Emerald Witch Arc,4.2,TV,13,2025
ap_102,Major Season 4,4.2,TV,26,2008
ap_103,Hell's Paradise: Jigokuraku,4.2,TV,13,2023
ap_104,Major: World Series,4.2,OVA,2,2011 - 2012
ap_105,Puella Magi Madoka Magica the Movie Part 3: Rebellion,4.2,Movie,1 ep,2013
ap_106,Sword of the Stranger,4.2,Movie,1 ep,2007
ap_107,Non Non Biyori Nonstop,4.2,TV,12,2021
ap_108,SPY x FAMILY Movie CODE: White,4.2,Movie,1 ep,2023
ap_109,Castlevania Season 2,4.2,Web,8,2018
ap_110,School Babysitters Special,4.2,DVD Special,1 ep,2018
ap_111,Hunter x Hunter OVA 2: Greed Island,4.2,OVA,8,2003
ap_112,One Outs,4.2,TV,25,2008 - 2009
ap_113,Golden Kamuy Season 2,4.2,TV,12,2018
ap_114,Sound! Euphonium 3,4.2,TV,13,2024
ap_115,KonoSuba – God's blessing on this wonderful world! 3,4.2,TV,11,2024
ap_116,One Piece Film: Z,4.2,Movie,1 ep,2012
ap_117,Bungo Stray Dogs Movie: Dead Apple,4.2,Movie,1 ep,2018
ap_118,Call of the Night Season 2,4.2,TV,12,2025
ap_119,"Welcome to Demon School, Iruma-kun 2",4.2,TV,21,2021
ap_120,Cowboy Bebop: The Movie,4.2,Movie,1 ep,2001
ap_121,Major Season 1,4.2,TV,26,2004 - 2005
ap_122,Rainbow: Nisha Rokubou no Shichinin,4.2,TV,26,2010
ap_123,Detective Conan Movie 6: The Phantom of Baker Street,4.2,Movie,1 ep,2002
ap_124,The Ancient Magus' Bride: Those Awaiting a Star,4.2,OVA,3,2016 - 2017
ap_125,The Disastrous Life of Saiki K. - Reawakened,4.2,Web,6,2019
ap_126,Toilet-Bound Hanako-kun,4.2,TV,12,2020
ap_127,Horimiya: The Missing Pieces,4.2,TV,13,2023
ap_128,Miss Kobayashi's Dragon Maid S,4.2,TV,12,2021
ap_129,Kamisama Kiss OVA,4.2,OVA,1 ep,2013
ap_130,Eve: Kaikai Kitan,4.2,Music Video,1 ep,2020
ap_131,Yoh Kamiyama: YELLOW,4.2,Music Video,1 ep,2018
ap_132,Jujutsu Kaisen: Kaigyoku/Gyokusetsu,4.2,Movie,1 ep,2025
ap_133,To Your Eternity 2nd Season,4.2,TV,20,2022 - 2023
ap_134,World Trigger 3rd Season,4.2,TV,14,2021 - 2022
ap_135,In This Corner of the World,4.2,Movie,1 ep,2016
ap_136,My Teen Romantic Comedy SNAFU Climax,4.2,TV,12,2020
ap_137,Baccano!,4.2,TV,13,2007
ap_138,ReLIFE: Kanketsu-hen,4.2,OVA,4,2018
ap_139,When They Cry: Kai,4.2,TV,24,2007
ap_140,Rascal Does Not Dream of Bunny Girl Senpai,4.2,TV,13,2018
ap_141,Grand Blue,4.2,TV,12,2018
ap_142,Natsume's Book of Friends,4.2,TV,13,2008
ap_143,Mushoku Tensei: Jobless Reincarnation,4.2,TV,11,2021
ap_144,The Case Study of Vanitas: Part II,4.2,TV,12,2022
ap_145,Detective Conan Movie 14: The Lost Ship in the Sky,4.2,Movie,1 ep,2010
ap_146,Attack on Titan The Final Season PV,4.2,Web,1 ep,2020
ap_147,Love Through a Prism,4.2,Web,20,2026
ap_148,Hunter x Hunter OVA,4.2,OVA,8,2002
ap_149,The Ancient Magus' Bride,4.2,TV,24,2017 - 2018
ap_150,Mobile Suit Gundam: Iron Blooded Orphans 2nd Season,4.2,TV,25,2016 - 2017
ap_151,JoJo's Bizarre Adventure: Phantom Blood,4.2,Movie,1 ep,2007
ap_152,KonoSuba – God's blessing on this wonderful world! 2,4.2,TV,10,2017
ap_153,Gintama,4.2,TV,201,2006 - 2010
ap_154,Owarimonogatari,4.2,TV,12,2015
ap_155,Skip Beat!,4.2,TV,25,2008 - 2009
ap_156,History's Strongest Disciple Kenichi,4.2,TV,50,2006 - 2007
ap_157,Dr. Stone: Ryuusui,4.2,TV Special,1 ep,2022
ap_158,Wotakoi: Love is Hard for Otaku OVA,4.2,OVA,2,2021
ap_159,Nodame Cantabile: Finale,4.2,TV,11,2010
ap_160,PSYCHO-PASS,4.2,TV,22,2012 - 2013
ap_161,The Stranger by the Shore,4.2,Movie,1 ep,2020
ap_162,Aoashi,4.2,TV,24,2022
ap_163,Mobile Suit Gundam 00 Second Season,4.2,TV,25,2008 - 2009
ap_164,Initial D Fourth Stage,4.2,TV,24,2004 - 2006
ap_165,Legend of the Galactic Heroes: Die Neue These Second 3,4.2,Movie,1 ep,2019
ap_166,Hell's Paradise: Jigokuraku Season 2,4.2,TV,4+,2026 - ?
ap_167,Uma Musume: Cinderella Grey - Part II,4.2,TV,10,2025
ap_168,"Haikyuu!! vs. ""Akaten""",4.2,Other,1 ep,2015
ap_169,Saga of Tanya the Evil,4.2,TV,12,2017
ap_170,Puella Magi Madoka Magica,4.2,TV,12,2011
ap_171,Nana,4.2,TV,47,2006 - 2007
ap_172,Summer Wars,4.2,Movie,1 ep,2009
ap_173,Soul Land II: The Peerless Tang Clan,4.2,Web,138+,2023 - ?
ap_174,Stellar Transformation 6th Season,4.2,Web,28,2025
ap_175,Shangri-La Frontier,4.2,TV,25,2023 - 2024
ap_176,Re:ZERO: Starting Life in Another World,4.2,TV,25,2016
ap_177,Ascendance of a Bookworm Season 3,4.2,TV,10,2022
ap_178,xxxHOLiC Kei,4.2,TV,13,2008
ap_179,Great Pretender,4.2,Web,23,2020
ap_180,The Quintessential Quintuplets 2,4.2,TV,12,2021
ap_181,Fate/Zero,4.2,TV,13,2011
ap_182,The King's Avatar Movie: For the Glory,4.2,Movie,1 ep,2019
ap_183,Overlord II,4.2,TV,13,2018
ap_184,Nichijou: My Ordinary Life,4.2,TV,26,2011
ap_185,Land of the Lustrous,4.2,TV,12,2017
ap_186,The King's Avatar 2,4.2,Web,12,2020
ap_187,One Piece: Episode of Merry - Mou Hitori no Nakama no Monogatari,4.2,TV Special,1 ep,2013
ap_188,Saekano: How to Raise a Boring Girlfriend Fine,4.2,Movie,1 ep,2019
ap_189,My New Boss is Goofy,4.2,TV,12,2023
ap_190,Slay The Gods,4.2,Web,15,2024
ap_191,Puella Magi Madoka Magica the Movie Part 2: Eternal,4.2,Movie,1 ep,2012
ap_192,Tsubasa Reservoir Chronicle: Tokyo Revelations,4.2,OVA,3,2007 - 2008
ap_193,Natsume's Book of Friends Movie 2,4.2,Movie,1 ep,2021
ap_194,Ping Pong The Animation,4.2,TV,11,2014
ap_195,Laid-Back Camp,4.2,TV,12,2018
ap_196,Tokyo Godfathers,4.2,Movie,1 ep,2003
ap_197,Teasing Master Takagi-san Movie,4.2,Movie,1 ep,2022
ap_198,Trigun,4.2,TV,26,1998
ap_199,Death Parade,4.2,TV,12,2015
ap_200,Pluto,4.2,Web,8,2023
ap_201,Initial D Fifth Stage,4.2,TV,14,2012 - 2013
ap_202,Teasing Master Takagi-san 3,4.2,TV,12,2022
ap_203,Hajime no Ippo: Mashiba vs Kimura,4.2,OVA,1 ep,2003
ap_204,Uma Musume: Cinderella Grey,4.2,TV,13,2025
ap_205,The Girl Who Leapt Through Time,4.2,Movie,1 ep,2006
ap_206,Space Brothers,4.2,TV,99,2012 - 2014
ap_207,Nodame Cantabile,4.2,TV,23,2007
ap_208,Cross Game,4.2,TV,50,2009 - 2010
ap_209,Detective Conan Movie 15: Quarter of Silence,4.2,Movie,1 ep,2011
ap_210,Girls und Panzer das Finale: Part 3,4.2,Movie,1 ep,2021
ap_211,Wotakoi: Love is Hard for Otaku,4.2,TV,11,2018
ap_212,Ado: Tot Musica,4.2,Music Video,1 ep,2022
ap_213,Throne of Seal,4.2,Web,26,2022
ap_214,Ghost in the Shell: Stand Alone Complex,4.2,TV,26,2002 - 2003
ap_215,Whisper of the Heart,4.2,Movie,1 ep,1995
ap_216,Castlevania Season 3,4.2,Web,10,2020
ap_217,Berserk: Golden Age Arc III - The Advent,4.2,Movie,1 ep,2013
ap_218,Blue Exorcist: The Blue Night Saga,4.2,TV,12,2025
ap_219,Welcome to the Ballroom,4.2,TV,24,2017
ap_220,Legend of the Galactic Heroes: Die Neue These Second 2,4.2,Movie,1 ep,2019
ap_221,Noragami,4.2,TV,12,2014
ap_222,Redline,4.1,Movie,1 ep,2009
ap_223,Legend of the Galactic Heroes: Die Neue These Third 3,4.1,Movie,1 ep,2022
ap_224,xxxHOLiC Rou,4.1,OVA,2,2010 - 2011
ap_225,Gintama: Jump Festa 2008,4.1,Other,1 ep,2008
ap_226,Kizumonogatari Part 1: Tekketsu,4.1,Movie,1 ep,2016
ap_227,Toradora!,4.1,TV,25,2008 - 2009
ap_228,Detective Conan Movie 13: The Raven Chaser,4.1,Movie,1 ep,2009
ap_229,Classroom of the Elite 2nd Season,4.1,TV,13,2022
ap_230,Sentenced to Be a Hero,4.1,TV,5+,2026 - ?
ap_231,Princess Jellyfish,4.1,TV,11,2010
ap_232,Kiki's Delivery Service,4.1,Movie,1 ep,1989
ap_233,Scissor Seven 5th Season,4.1,Web,10,2024
ap_234,BECK: Mongolian Chop Squad,4.1,TV,26,2004 - 2005
ap_235,Hozuki's Coolheadedness 2nd Season: Part II,4.1,TV,13,2018
ap_236,Attack on Titan Movie 3: The Roar of Awakening,4.1,Movie,1 ep,2018
ap_237,JoJo's Bizarre Adventure: Stone Ocean - Part II,4.1,Web,12,2022
ap_238,Toilet-Bound Hanako-kun 2nd Season,4.1,TV,12,2025
ap_239,Monogatari Series: Off & Monster Season,4.1,Web,14,2024
ap_240,Angel Beats!,4.1,TV,13,2010
ap_241,Throne of Seal Movie: The Crownless God,4.1,Web,1 ep,2025
ap_242,Tsukimichi: Moonlit Fantasy Season 2,4.1,TV,25,2024
ap_243,Ascendance of a Bookworm,4.1,TV,14,2019
ap_244,Code Geass Movie: Lelouch of the Re;surrection,4.1,Movie,1 ep,2019
ap_245,Star Blazers: Space Battleship Yamato 2199,4.1,OVA,26,2012 - 2013
ap_246,Tokyo Revengers,4.1,TV,24,2021
ap_247,Non Non Biyori Movie: Vacation,4.1,Movie,1 ep,2018
ap_248,The Demon Hunter 2,4.1,Web,36,2024 - 2025
ap_249,Assassination Classroom 2nd Season: Kagaijugyou-hen,4.1,Web,8,2016
ap_250,Laid-Back Camp Movie,4.1,Movie,1 ep,2022
ap_251,Toilet-Bound Hanako-kun 2nd Season: Part II,4.1,TV,12,2025
ap_252,Laputa: Castle in the Sky,4.1,Movie,1 ep,1986
ap_253,Girls und Panzer der Film,4.1,Movie,1 ep,2015
ap_254,Initial D Second Stage,4.1,TV,13,1999 - 2000
ap_255,Nodame Cantabile: Paris,4.1,TV,11,2008
ap_256,Berserk,4.1,TV,25,1997 - 1998
ap_257,Sleepy Princess in the Demon Castle,4.1,TV,12,2020
ap_258,Tokyo Ghoul,4.1,TV,12,2014
ap_259,One-Punch Man: Road to Hero,4.1,OVA,1 ep,2015
ap_260,Detective Conan Movie 25: The Bride of Halloween,4.1,Movie,1 ep,2022
ap_261,Astra Lost in Space,4.1,TV,12,2019
ap_262,SK8 the Infinity OVA: Extra Part,4.1,OVA,1 ep,2025
ap_263,Kimi ni Todoke - From Me To You Season 2,4.1,TV,12,2011
ap_264,Fanren Xiu Xian Chuan: Chu Ru Xing Hai,4.1,Web,12,2022
ap_265,Vivy: Fluorite Eye's Song,4.1,TV,13,2021
ap_266,Black Clover,4.1,TV,170,2017 - 2021
ap_267,Komi Can't Communicate 2nd Season,4.1,TV,12,2022
ap_268,Wotakoi: Love is Hard for Otaku - Youth,4.1,OVA,1 ep,2019
ap_269,Food Wars! The Fourth Plate,4.1,TV,12,2019
ap_270,Made in Abyss: Tabidachi no Yoake,4.1,Movie,1 ep,2019
ap_271,Legend of the Galactic Heroes: Die Neue These Third 2,4.1,Movie,1 ep,2022
ap_272,Keep Your Hands Off Eizouken!,4.1,TV,12,2020
ap_273,One Piece Film: Gold,4.1,Movie,1 ep,2016
ap_274,Asobi Asobase,4.1,TV,12,2018
ap_275,Yowamushi Pedal: Grande Road,4.1,TV,24,2014 - 2015
ap_276,Hozuki's Coolheadedness 2nd Season,4.1,TV,13,2017
ap_277,World Trigger 2nd Season,4.1,TV,12,2021
ap_278,Fire Force Season 2,4.1,TV,24,2020
ap_279,Katanagatari,4.1,TV,12,2010
ap_280,Detective Conan Movie 23: The Fist of Blue Sapphire,4.1,Movie,1 ep,2019
ap_281,Full Metal Panic? Fumoffu,4.1,TV,12,2003
ap_282,Swallowed Star,4.1,Web,26,2020 - 2021
ap_283,Rurouni Kenshin,4.1,TV,94,1996 - 1998
ap_284,Fire Force Season 3 - Part II,4.1,TV,5+,2026 - ?
ap_285,Initial D,4.1,TV,26,1998
ap_286,Secrets of the Silent Witch,4.1,TV,13,2025
ap_287,Scumbag System,4.1,Web,10,2020
ap_288,"The 100 Girlfriends Who Really, Really, Really, Really, Really Love You Season 2",4.1,TV,12,2025
ap_289,The Dangers in My Heart,4.1,TV,12,2023
ap_290,Detective Conan Movie 26: Black Iron Submarine,4.1,Movie,1 ep,2023
ap_291,Tokyo Revengers: Tenjiku-hen,4.1,TV,13,2023
ap_292,Sekai-ichi Hatsukoi: World's Greatest First Love 2,4.1,TV,12,2011
ap_293,Tsurune: The Linking Shot,4.1,TV,13,2023
ap_294,Mobile Suit Gundam: The Origin,4.1,OVA,6,2015 - 2018
ap_295,Trigun: Badlands Rumble,4.1,Movie,1 ep,2010
ap_296,Snow White with the Red Hair,4.1,TV,12,2015
ap_297,Genshin Impact: The Song Burning in the Embers,4.1,Web,1 ep,2024
ap_298,Kaiju No. 8 2nd Season,4.1,TV,11,2025
ap_299,Gintama: Jump Festa 2014,4.1,Other,1 ep,2014
ap_300,Thousand Autumns,4.1,Web,16,2021
ap_301,Time of Eve Movie,4.1,Movie,1 ep,2010
ap_302,A Will Eternal 3rd Season,4.1,Web,59,2024 - 2025
ap_303,Sakamoto Days: Part II,4.1,TV,11,2025
ap_304,Skip and Loafer,4.1,TV,12,2023
ap_305,My Teen Romantic Comedy SNAFU TOO!,4.1,TV,13,2015
ap_306,Magi: Adventure of Sinbad,4.1,TV,13,2016
ap_307,Baby Steps 2,4.1,TV,25,2015
ap_308,Heart and Yummie,4.1,Movie,1 ep,2010
ap_309,Jujutsu Kaisen PVs,4.1,Web,3,2018
ap_310,Black Lagoon,4.1,TV,12,2006
ap_311,Detective Conan Movie 18: The Sniper From Another Dimension,4.1,Movie,1 ep,2014
ap_312,That Time I Got Reincarnated as a Slime Season 3,4.1,TV,24,2024
ap_313,Fate/stay night: Heaven's Feel I. presage flower,4.1,Movie,1 ep,2017
ap_314,Baccano! Specials,4.1,DVD Special,3,2008
ap_315,Moriarty the Patriot OVA,4.1,OVA,2,2022
ap_316,The Ancient Magus' Bride Season 2: Part II,4.1,TV,12,2023
ap_317,Mononoke,4.1,TV,12,2007
ap_318,Nisemonogatari,4.1,TV,11,2012
ap_319,Sword Art Online: Progressive Movie 1 - Aria of a Starless Night,4.1,Movie,1 ep,2021
ap_320,No Doubt In Us 2: Part II,4.1,Web,12,2023
ap_321,Time of Eve,4.1,Web,6,2008 - 2009
ap_322,Yu Yu Hakusho,4.1,TV,112,1992 - 1994
ap_323,Kimi ni Todoke - From Me To You,4.1,TV,25,2009 - 2010
ap_324,Ghost in the Shell: Stand Alone Complex - The Laughing Man,4.1,Movie,1 ep,2005
ap_325,Fate/stay night: Unlimited Blade Works Prologue,4.1,TV Special,1 ep,2014
ap_326,Terror in Resonance,4.1,TV,11,2014
ap_327,Legend of the Galactic Heroes: Die Neue These Second 1,4.1,Movie,1 ep,2019
ap_328,Classroom of the Elite 3rd Season,4.1,TV,13,2024
ap_329,Clannad,4.1,TV,23,2007 - 2008
ap_330,Ghost in the Shell: Stand Alone Complex - Solid State Society,4.1,Movie,1 ep,2006
ap_331,The King's Avatar,4.1,Web,12,2017
ap_332,One Piece 3D2Y: Overcoming Ace's Death! Luffy's Pledge to His Friends!,4.1,TV Special,1 ep,2014
ap_333,Legend of the Galactic Heroes: Die Neue These Third 1,4.1,Movie,1 ep,2022
ap_334,Legend of Exorcism 2nd Season,4.1,Web,13,2021
ap_335,Beyond the Boundary Movie: I'll Be Here - Future,4.1,Movie,1 ep,2015
ap_336,Spice and Wolf,4.1,TV,13,2008
ap_337,Romantic Killer,4.1,Web,12,2022
ap_338,The Seven Deadly Sins: Revival of the Commandments,4.1,TV,24,2018
ap_339,Wan Sheng Jie 2,4.1,Web,12,2020
ap_340,Durarara!!,4.1,TV,24,2010
ap_341,Sound! Euphonium 2,4.1,TV,13,2016
ap_342,Durarara!! X2 The Third Arc,4.1,TV,12,2016
ap_343,Full Metal Panic! The Second Raid,4.1,TV,13,2005
ap_344,Ya Boy Kongming!,4.1,TV,12,2022
ap_345,Scissor Seven 4th Season,4.1,Web,10,2023
ap_346,A Certain Scientific Railgun S,4.1,TV,24,2013
ap_347,Log Horizon,4.1,TV,25,2013 - 2014
ap_348,One Piece: Episode of Sabo,4.1,TV Special,1 ep,2015
ap_349,Detective Conan Movie 8: Magician of the Silver Sky,4.1,Movie,1 ep,2004
ap_350,Castlevania,4.1,Web,4,2017
ap_351,Major: Message,4.1,OVA,1 ep,2010
ap_352,Junjou Romantica 2,4.1,TV,12,2008
ap_353,The Land of Miracles 3rd Season,4.1,Web,15,2023
ap_354,Shadows House 2nd Season,4.1,TV,12,2022
ap_355,Rascal Does Not Dream of a Knapsack Kid,4.1,Movie,1 ep,2023
ap_356,"The Garden of Sinners Movie 3: Ever Cry, Never Life. (Remaining Sense of Pain)",4.1,Movie,1 ep,2008
ap_357,No Doubt In Us: Part II,4.1,Web,12,2021
ap_358,Detective Conan Movie 5: Countdown to Heaven,4.1,Movie,1 ep,2001
ap_359,When Marnie Was There,4.1,Movie,1 ep,2014
ap_360,GATE (2016),4.1,TV,12,2016
ap_361,Minami: Kawaki wo Ameku,4.1,Music Video,1 ep,2019
ap_362,Fights Break Sphere 3rd Season,4.1,Web,12,2019
ap_363,"Welcome to Demon School, Iruma-kun 3",4.1,TV,21,2022 - 2023
ap_364,Fanren Xiu Xian Chuan: Xing Hai Fei Chi,4.1,Web,4,2023
ap_365,Uma Musume: Pretty Derby - Shinjidai no Tobira,4.1,Movie,1 ep,2024
ap_366,The Last: Naruto the Movie,4.1,Movie,1 ep,2014
ap_367,Bakuman.,4.1,TV,25,2010 - 2011
ap_368,One Piece Film: Red,4.1,Movie,1 ep,2022
ap_369,Black Lagoon: Roberta's Blood Trail,4.1,OVA,5,2010 - 2011
ap_370,One Piece: Episode of Nami - Koukaishi no Namida to Nakama no Kizuna,4.1,TV Special,1 ep,2012
ap_371,Steins;Gate: The Missing Link - Divide By Zero,4.1,DVD Special,1 ep,2015
ap_372,Daily Lives of High School Boys,4.1,TV,12,2012
ap_373,High☆Speed! Free! Starting Days,4.1,Movie,1 ep,2015
ap_374,Nura: Rise of the Youkai Clan - Demon Capital,4.1,TV,24,2011
ap_375,Jade Dynasty 3rd Season,4.1,Web,26,2025
ap_376,Patema Inverted,4.1,Movie,1 ep,2013
ap_377,Non Non Biyori Repeat,4.1,TV,12,2015
ap_378,The Land of Miracles,4.1,Web,15,2022
ap_379,Lupin III: Part V,4.1,TV,24,2018
ap_380,ReLIFE,4.1,Web,13,2016
ap_381,Mobile Suit Gundam 00,4.1,TV,25,2007 - 2008
ap_382,Magi: The Labyrinth of Magic,4.1,TV,25,2012 - 2013
ap_383,Free! Eternal Summer: Forbidden All Hard!,4.1,DVD Special,1 ep,2015
ap_384,Is It Wrong to Try to Pick Up Girls in a Dungeon? IV,4.1,TV,11,2022
ap_385,One-Punch Man 2,4.1,TV,12,2019
ap_386,My Hero Academia Final Season,4.5,TV,11,2025
ap_387,Demon Slayer: Kimetsu no Yaiba,4.5,TV,26,2019
ap_388,Gintama': Enchousen,4.4,TV,13,2012 - 2013
ap_389,Jujutsu Kaisen Season 2,4.4,TV,23,2023
ap_390,Gintama Kanketsu-hen: Yorozuya yo Eien Nare,4.4,Movie,1 ep,2013
ap_391,Mob Psycho 100 II,4.4,TV,13,2019
ap_392,That Time I Got Reincarnated as a Slime Season 2,4.4,TV,12,2021
ap_393,Gintama°,4.4,TV,51,2015 - 2016
ap_394,Spirited Away,4.4,Movie,1 ep,2001
ap_395,Gintama: Shirogane no Tamashii-hen 2,4.4,TV,14,2018
ap_396,Jujutsu Kaisen: The Culling Game,4.4,TV,6+,2026 - ?
ap_397,Attack on Titan The Final Season: Part II,4.4,TV,12,2022
ap_398,Natsume's Book of Friends Season 6,4.4,TV,11,2017
ap_399,Howl's Moving Castle,4.4,Movie,1 ep,2004
ap_400,Clannad After Story,4.4,TV,24,2008 - 2009
ap_401,Steins;Gate,4.4,TV,24,2011
ap_402,Gintama.,4.4,TV,12,2017
ap_403,Haikyuu!! To the Top,4.4,TV,13,2020
ap_404,Gintama: Shirogane no Tamashii-hen,4.4,TV,12,2018
ap_405,Gintama',4.4,TV,51,2011 - 2012
ap_406,The Master of Diabolism,4.4,Web,15,2018
ap_407,One-Punch Man,4.4,TV,12,2015
ap_408,Link Click,4.4,Web,11,2021
ap_409,That Time I Got Reincarnated as a Slime Season 2: Part II,4.4,TV,12,2021
ap_410,SPY x FAMILY,4.4,TV,12,2022
ap_411,Attack on Titan 3rd Season,4.4,TV,12,2018
ap_412,Given,4.4,TV,11,2019
ap_413,Fruits Basket 2nd Season,4.4,TV,25,2020
ap_414,Vinland Saga,4.4,TV,24,2019
ap_415,Bungo Stray Dogs 5th Season,4.4,TV,11,2023
ap_416,Violet Evergarden,4.4,TV,13,2018
ap_417,JoJo's Bizarre Adventure: Golden Wind,4.4,TV,39,2018 - 2019
ap_418,Haikyuu!!,4.4,TV,25,2014
ap_419,Natsume's Book of Friends Season 5,4.4,TV,11,2016
ap_420,Natsume's Book of Friends Season 4,4.4,TV,13,2012
ap_421,Detective Conan Movie 22: Zero The Enforcer,4.1,Movie,1 ep,2018
ap_422,"Love, Chunibyo & Other Delusions! Movie: Take On Me",4.1,Movie,1 ep,2018
ap_423,Golden Kamuy Season 4,4.1,TV,13,2022 - 2023
ap_424,Bungo Stray Dogs,4.1,TV,12,2016
ap_425,Kuroko's Basketball Movie 3: Winter Cup Highlights -Crossing the Door-,4.1,Movie,1 ep,2016
ap_426,Ai Higuchi: Akuma no Ko,4.1,Music Video,1 ep,2022
ap_427,Fairy Tail,4.1,TV,175,2009 - 2013
ap_428,Noragami Aragoto OVA,4.1,OVA,2,2015 - 2016
ap_429,Yona of the Dawn OVA,4.1,OVA,1 ep,2015
ap_430,Legend of the Galactic Heroes: Die Neue These Fourth 3,4.1,Movie,1 ep,2022
ap_431,Jormungand: Perfect Order,4.1,TV,12,2012
ap_432,K-On!!,4.1,TV,26,2010
ap_433,No Doubt In Us 2,4.1,Web,12,2022 - 2023
ap_434,Tamon’s B-Side,4.1,TV,6+,2026 - ?
ap_435,Durarara!! X2,4.1,TV,12,2015
ap_436,Darker than Black,4.1,TV,25,2007
ap_437,Ace of the Diamond,4.1,TV,75,2013 - 2015
ap_438,One Piece: Episode of East Blue,4.1,TV Special,1 ep,2017
ap_439,The Seven Deadly Sins,4.1,TV,24,2014 - 2015
ap_440,Berserk: Golden Age Arc II - The Battle for Doldrey,4.1,Movie,1 ep,2012
ap_441,Welcome to the NHK!,4.1,TV,24,2006
ap_442,Stars Align,4.1,TV,12,2019
ap_443,Drifters,4.1,TV,12,2016
ap_444,Magical Girl Lyrical Nanoha: The Movie 2nd A's,4.1,Movie,1 ep,2012
ap_445,Dorohedoro,4.1,TV,12,2020
ap_446,Detective Conan Movie 3: The Last Magician of the Century,4.1,Movie,1 ep,1999
ap_447,Aria the Origination,4.1,TV,13,2008
ap_448,Quiet Please!,4.1,Web,5,2025
ap_449,Miss Kobayashi's Dragon Maid,4.1,TV,13,2017
ap_450,Gintama: Jump Festa 2015,4.1,Other,1 ep,2015
ap_451,Fanren Xiu Xian Chuan: Zai Bie Tian Nan,4.1,Web,14,2022
ap_452,The Tatami Galaxy,4.1,TV,11,2010
ap_453,The Pet Girl of Sakurasou,4.1,TV,24,2012 - 2013
ap_454,The Tale of the Princess Kaguya,4.1,Movie,1 ep,2013
ap_455,Tenchi Muyo! War on Geminar,4.1,OVA,13,2009 - 2010
ap_456,Working!!! Lord of the Takanashi,4.1,TV Special,1 ep,2015
ap_457,That Time I Got Reincarnated as a Slime OVA,4.1,OVA,5,2019 - 2020
ap_458,Tsukimichi: Moonlit Fantasy,4.1,TV,12,2021
ap_459,IDOLiSH7: Second BEAT!,4.1,TV,15,2020
ap_460,Fullmetal Alchemist: Brotherhood Specials,4.1,DVD Special,4,2009 - 2010
ap_461,Wan Sheng Jie,4.1,Web,12,2020
ap_462,KonoSuba – God's blessing on this wonderful world! 3 Bonus Stage,4.1,OVA,2,2025
ap_463,Revue Starlight Movie,4.1,Movie,1 ep,2021
ap_464,Junjou Romantica 3,4.1,TV,12,2015
ap_465,IDOLiSH7: Third BEAT!,4.1,TV,13,2021
ap_466,Silver Spoon,4.1,TV,11,2013
ap_467,Puella Magi Madoka Magica the Movie Part 1: Beginnings,4.1,Movie,1 ep,2012
ap_468,Mobile Suit Gundam: Iron-Blooded Orphans,4.1,TV,25,2015 - 2016
ap_469,The World God Only Knows: Goddesses Arc,4.1,TV,12,2013
ap_470,The Secret World of Arrietty,4.1,Movie,1 ep,2010
ap_471,GATE,4.1,TV,12,2015
ap_472,Heavenly Delusion,4.1,TV,13,2023
ap_473,The Prince of Tennis: The National Tournament - Final,4.1,OVA,7,2008 - 2009
ap_474,Lycoris Recoil,4.1,TV,13,2022
ap_475,Megalo Box 2: Nomad,4.1,TV,13,2021
ap_476,Tsukimonogatari,4.1,TV Special,4,2014
ap_477,xxxHOLiC Shunmuki,4.1,OVA,2,2009
ap_478,Slam Dunk,4.1,TV,101,1993 - 1996
ap_479,Ghost in the Shell: Stand Alone Complex - Individual Eleven,4.1,Movie,1 ep,2006
ap_480,Tokyo Magnitude 8.0,4.1,TV,11,2009
ap_481,My Love Story!!,4.1,TV,24,2015
ap_482,IDOLiSH7: Third BEAT - Part II,4.1,TV,17,2022 - 2023
ap_483,"Welcome to Demon School, Iruma-kun",4.1,TV,23,2019 - 2020
ap_484,Hajime no Ippo: The Fighting! Special,4.1,DVD Special,1 ep,2003
ap_485,Working!!!,4.1,TV,13,2015
ap_486,Durarara!! X2 The Second Arc,4.1,TV,12,2015
ap_487,Magi: Adventure of Sinbad OVA,4.1,OVA,5,2014 - 2015
ap_488,Ponyo on the Cliff by the Sea,4.1,Movie,1 ep,2008
ap_489,A Certain Scientific Railgun T,4.1,TV,25,2020
ap_490,Space Dandy 2,4.1,TV,13,2014
ap_491,Honkai Impact 3rd: Lament of the Fallen,4.1,Web,1 ep,2020
ap_492,Legend of the Galactic Heroes: Die Neue These Fourth 2,4.1,Movie,1 ep,2022
ap_493,Little Busters! Refrain,4.1,TV,13,2013
ap_494,My Hero Academia Movie: Two Heroes,4.1,Movie,1 ep,2018
ap_495,Classroom of the Elite,4.1,TV,12,2017
ap_496,Hozuki's Coolheadedness OVA 3,4.1,OVA,3,2019 - 2020
ap_497,Sekai-ichi Hatsukoi: Yokozawa Takafumi no Baai,4.1,Movie,1 ep,2014
ap_498,Perfect World,4.1,Web,253+,2021 - ?
ap_499,Teasing Master Takagi-san 2,4.1,TV,12,2019
ap_500,Code Geass: Lelouch of the Rebellion III - Glorification,4.1,Movie,1 ep,2018
ap_501,Moribito: Guardian of the Spirit,4.1,TV,26,2007
ap_502,March Comes in like a Lion,4.1,TV,22,2016 - 2017
ap_503,Spice and Wolf: Merchant Meets the Wise Wolf,4.1,TV,25,2024
ap_504,The Demon Hunter,4.1,Web,26,2023
ap_505,Wind Breaker,4.1,TV,13,2024
ap_506,Kino's Journey,4.1,TV,13,2003
ap_507,My Roommate is a Cat,4.1,TV,12,2019
ap_508,Carole & Tuesday,4.1,TV,24,2019
ap_509,Fanren Xiu Xian Chuan: Mo Dao Zheng Feng,4.1,Web,25,2021 - 2022
ap_510,Free! Take Your Marks,4.1,Movie,1 ep,2017
ap_511,Legend of the Galactic Heroes: Die Neue These Fourth 1,4.1,Movie,1 ep,2022
ap_512,Sekai-ichi Hatsukoi: World's Greatest First Love OVA,4.1,OVA,2,2011
ap_513,That Time I Got Reincarnated as a Slime Movie 1: Scarlet Bond,4.1,Movie,1 ep,2022
ap_514,Link Click: Marrying by Contesting,4.1,Web,1 ep,2021
ap_515,Chihayafuru,4.1,TV,25,2011 - 2012
ap_516,How Dare You!?,4.1,Web,24,2024
ap_517,School Rumble: 2nd Semester,4.1,TV,26,2006
ap_518,Bakemonogatari,4.1,TV,15,2009 - 2010
ap_519,Bungo Stray Dogs: Walking Alone,4.1,OVA,1 ep,2017
ap_520,Chainsaw Man PV,4.1,Web,1 ep,2021
ap_521,Overlord Movie: The Sacred Kingdom,4.1,Movie,1 ep,2024
ap_522,Bunny Drop Specials,4.1,DVD Special,4,2011 - 2012
ap_523,Wan Sheng Jie 3,4.1,Web,12,2022
ap_524,Evangelion: 1.0 You Are (Not) Alone,4.1,Movie,1 ep,2007
ap_525,Blue Spring Ride: Page.13,4.1,OVA,1 ep,2014
ap_526,Ghost in the Shell,4.1,Movie,1 ep,1995
ap_527,My Love Story with Yamada-kun at Lv999,4.1,TV,13,2023
ap_528,Broken Blade Movie 4: The Land of Calamity,4.1,Movie,1 ep,2010
ap_529,Gintama: Dai Hanseikai,4.1,Other,1 ep,2010
ap_530,Ne Zha,4.1,Movie,1 ep,2019
ap_531,Mashle: Magic and Muscles - The Divine Visionary Candidate Exam Arc,4.1,TV,12,2024
ap_532,Perfect Blue,4.1,Movie,1 ep,1998
ap_533,The Land of Miracles 2nd Season,4.1,Web,15,2023
ap_534,KonoSuba – God’s blessing on this wonderful world! 2 OVA,4.1,OVA,1 ep,2017
ap_535,JoJo's Bizarre Adventure (2012),4.1,TV,26,2012 - 2013
ap_536,Creepy Nuts: Bling-Bang-Bang-Born,4.1,Music Video,1 ep,2024
ap_537,Erin,4.1,TV,50,2009
ap_538,Snow White with the Red Hair OVA,4.1,OVA,1 ep,2016
ap_539,Somali and the Forest Spirit,4.1,TV,12,2020
ap_540,In This Corner (and Other Corners) of the World,4.1,Movie,1 ep,2019
ap_541,A Will Eternal,4.1,Web,52,2020 - 2021
ap_542,One Piece: Strong World - Episode 0,4.1,OVA,1 ep,2010
ap_543,Yowamushi Pedal,4.1,TV,38,2013 - 2014
ap_544,Miss Kobayashi's Dragon Maid Movie: A lonely dragon wants to be loved,4.1,Movie,1 ep,2025
ap_545,Blue Box,4.1,TV,25,2024 - 2025
ap_546,The House of Small Cubes,4.1,Movie,1 ep,2008
ap_547,Rurouni Kenshin: Seisouhen,4.1,OVA,2,2001
ap_548,Code Geass: Lelouch of the Rebellion I - Initiation,4.1,Movie,1 ep,2017
ap_549,Kaiji - Against All Rules,4.1,TV,26,2011
ap_550,Detective Conan Movie 4: Captured In her Eyes,4.1,Movie,1 ep,2000
ap_551,Journal with Witch,4.1,TV,5+,2026 - ?
ap_552,Psychic Princess,4.1,Web,16,2018 - 2019
ap_553,Black Butler: Public School Arc,4.1,TV,11,2024
ap_554,"Play It Cool, Guys",4.1,TV,24,2022 - 2023
ap_555,TONIKAWA: Over the Moon for You,4.1,TV,12,2020
ap_556,Detective Conan Movie 19: The Hellfire Sunflowers,4.1,Movie,1 ep,2015
ap_557,Cherry Magic! Thirty Years of Virginity Can Make You a Wizard?!,4.1,TV,12,2024
ap_558,Initial D Legend 3: Dream,4.1,Movie,1 ep,2016
ap_559,Detective Conan Movie 10: The Private Eyes' Requiem,4.1,Movie,1 ep,2006
ap_560,Initial D Third Stage,4.1,Movie,1 ep,2001
ap_561,Is It Wrong to Try to Pick Up Girls in a Dungeon? V,4.1,TV,15,2024 - 2025
ap_562,One-Punch Man Specials,4.1,DVD Special,6,2015 - 2016
ap_563,Nekomonogatari (Black),4.1,TV Special,4,2012
ap_564,Neru: Lost One's Weeping,4.1,Music Video,1 ep,2013
ap_565,The World God Only Knows II,4.1,TV,12,2011
ap_566,Hozuki's Coolheadedness OVA,4.1,OVA,3,2015
ap_567,Slayers Next,4.1,TV,26,1996
ap_568,Soul Eater,4.1,TV,51,2008 - 2009
ap_569,Castlevania: Nocturne Season 2,4.1,Web,8,2025
ap_570,The Garden of Sinners Movie 4: Garan-no-Dou. (The Hollow Shrine),4.1,Movie,1 ep,2008
ap_571,History's Strongest Disciple Kenichi OVA,4.1,OVA,11,2012 - 2014
ap_572,Kanon (2006),4.1,TV,24,2006 - 2007
ap_573,KonoSuba – God's blessing on this wonderful world!,4.1,TV,10,2016
ap_574,God Troubles Me 3rd Season,4.1,Web,12,2022
ap_575,No Doubt In Us,4.1,Web,12,2021
ap_576,Detroit Metal City,4.1,OVA,12,2008
ap_577,Fairies Albums 3rd Season,4.1,Web,12,2022
ap_578,Lovely Complex,4.1,TV,24,2007
ap_579,Stand By Me Doraemon 2,4.1,Movie,1 ep,2020
ap_580,Broken Blade Movie 5: The Gap Between Life & Death,4.1,Movie,1 ep,2011
ap_581,The Wind Rises,4.1,Movie,1 ep,2013
ap_582,Millennium Actress,4.1,Movie,1 ep,2001
ap_583,Kono Oto Tomare!,4.1,TV,13,2019
ap_584,My Hero Academia Movie 3: World Heroes' Mission,4.1,Movie,1 ep,2021
ap_585,DAKAICHI: I'm being harassed by the sexiest man of the year- Spain Arc,4.1,Movie,1 ep,2021
ap_586,Charlotte,4.1,TV,13,2015
ap_587,Scott Pilgrim Takes Off,4.1,Web,8,2023
ap_588,Dragon Ball Z Kai: The Final Chapters,4.1,TV,61,2014 - 2015
ap_589,SiM: The Rumbling,4.1,Music Video,1 ep,2022
ap_590,Sasaki and Miyano OVA,4.1,OVA,1 ep,2022
ap_591,Fate/strange Fake,4.1,TV,5+,2026 - ?
ap_592,The Garden of Sinners: Recalled Out Summer,4.1,Movie,1 ep,2013
ap_593,Attack on Titan Movie 4: Chronicle,4.1,Movie,1 ep,2020
ap_594,Is It Wrong to Try to Pick Up Girls in a Dungeon?,4.1,TV,13,2015
ap_595,Gurren Lagann Movie 1: Childhood's End,4.1,Movie,1 ep,2008
ap_596,Romeo no Aoi Sora,4.1,TV,33,1995
ap_597,TONIKAWA: Over the Moon for You - SNS,4.1,OVA,1 ep,2021
ap_598,Insomniacs After School,4.1,TV,13,2023
ap_599,Uni-President Suanmeitang x Tian Guan Ci Fu: Gong Chuang Liandong Duanpian,4.1,Web,1 ep,2024
ap_600,Tsubasa: Spring Thunder Chronicle,4.1,OVA,2,2009
ap_601,Campfire Cooking in Another World with My Absurd Skill 2nd Season,4.1,TV,12,2025
ap_602,Planetes,4.1,TV,26,2003 - 2004
ap_603,Megalo Box,4.1,TV,13,2018
ap_604,The Case Study of Vanitas,4.1,TV,12,2021
ap_605,Black Clover Movie: Sword of the Wizard King,4.1,Movie,1 ep,2023
ap_606,Stand by Me Doraemon,4.1,Movie,1 ep,2014
ap_607,Saint Seiya: The Lost Canvas - Meiou Shinwa 2nd Chapter,4.1,OVA,13,2011
ap_608,Campfire Cooking in Another World with My Absurd Skill,4.1,TV,12,2023
ap_609,Gosick,4.1,TV,24,2010 - 2011
ap_610,Golden Kamuy Season 5,4.1,TV,5+,2026 - ?
ap_611,Hinamatsuri,4.1,TV,12,2018
ap_612,Fire Force,4.1,TV,24,2019
ap_613,Junjou Romantica OVA 2,4.1,OVA,1 ep,2015
ap_614,Transformers: The Movie,4.1,Movie,1 ep,1986
ap_615,Hozuki's Coolheadedness OVA 2,4.1,OVA,1 ep,2017
ap_616,My Hero Academia 5,4.1,TV,25,2021
ap_617,Gintama: Jump Festa 2005,4.1,Other,1 ep,2005
ap_618,The Prince of Tennis: The National Tournament - Semifinal,4.1,OVA,6,2007 - 2008
ap_619,Sekai-ichi Hatsukoi: Valentine-hen,4.1,Movie,1 ep,2014
ap_620,Wistoria: Wand and Sword,4.1,TV,12,2024
ap_621,IDOLiSH7: Vibrato,4.1,Web,8,2018 - 2019
ap_622,Food Wars! Toutsuki Juukketsu,4.1,OVA,1 ep,2017
ap_623,Darker than Black: Kuro no Keiyakusha Gaiden,4.1,DVD Special,4,2010
ap_624,Detective Conan Movie 27: The Million Dollar Pentagram,4.1,Movie,1 ep,2024
ap_625,You and I are Polar Opposites,4.1,TV,4+,2026 - ?
ap_626,Promare,4.1,Movie,1 ep,2019
ap_627,Welcome Home,4.1,TV,12,2024
ap_628,Haikyuu!! Lev Kenzan!,4,Other,1 ep,2014
ap_629,Dragon Ball Z,4,TV,291,1989 - 1996
ap_630,Free! Movie: The Final Stroke - Kouhen,4,Movie,1 ep,2022
ap_631,Overlord: The Dark Hero,4,Movie,1 ep,2017
ap_632,Overlord: The Undead King,4,Movie,1 ep,2017
ap_633,Honey and Clover II,4,TV,12,2006
ap_634,Wind Breaker Season 2,4,TV,12,2025
ap_635,The Quintessential Quintuplets Movie,4,Movie,1 ep,2022
ap_636,Tokyo Revengers: Seiya Kessen-hen,4,TV,13,2023
ap_637,Major Movie: Yuujou no Winning Shot,4,Movie,1 ep,2008
ap_638,Girls und Panzer das Finale: Part 2,4,Movie,1 ep,2019
ap_639,Youko Takahashi: The Cruel Angel's Thesis,4,Music Video,1 ep,2018
ap_640,Kuroko's Basketball: Tip Off,4,DVD Special,1 ep,2013
ap_641,From Up on Poppy Hill,4,Movie,1 ep,2011
ap_642,Ranma 1/2 (2024),4,TV,12,2024
ap_643,Legend of the Galactic Heroes Gaiden,4,OVA,24,1998
ap_644,Aggretsuko 2,4,Web,10,2019
ap_645,Girls und Panzer das Finale: Part 1,4,Movie,1 ep,2017
ap_646,Mononoke Movie 1: The Phantom in the Rain,4,Movie,1 ep,2024
ap_647,The Ancient Magus' Bride Season 2,4,TV,12,2023
ap_648,Mobile Suit Gundam: The Origin - Advent of the Red Comet,4,TV,13,2019
ap_649,Fairies Albums 4th Season,4,Web,12,2024
ap_650,Sekai-ichi Hatsukoi: World's Greatest First Love,4,TV,12,2011
ap_651,The Disappearance of Conan Edogawa: The Worst Two Days in History,4,TV Special,1 ep,2014 - 2015
ap_652,Broken Blade Movie 3: Scars from an Assassin's Blade,4,Movie,1 ep,2010
ap_653,Hirano and Kagiura,4,Movie,1 ep,2023
ap_654,Xing Yu Siwan Nian,4,Web,16,2022 - 2023
ap_655,Initial D Legend 2: Racer,4,Movie,1 ep,2015
ap_656,Fairy Tail Movie 2: Dragon Cry,4,Movie,1 ep,2017
ap_657,Kuroko's Basketball Movie 2: Winter Cup Highlights -Beyond the Tears-,4,Movie,1 ep,2016
ap_658,Tomo-chan is a Girl!,4,TV,13,2023
ap_659,Stellar Transformation 5th Season,4,Web,28,2022 - 2023
ap_660,Fights Break Sphere: Yuanqi,4,Web,3,2022
ap_661,InuYasha: Kuroi Tessaiga,4,Movie,1 ep,2008
ap_662,Xiuluo Wu Shen,4,Web,16,2023 - 2024
ap_663,Working'!!,4,TV,13,2011
ap_664,Girls Band Cry,4,TV,13,2024
ap_665,One Piece Log: Fish-Man Island Saga,4,TV,21,2024 - 2025
ap_666,Aggretsuko 3,4,Web,10,2020
ap_667,Martial Universe 2nd Season,4,Web,12,2020
ap_668,Free! Road to the World: The Dream,4,Movie,1 ep,2019
ap_669,Poco's Udon World,4,TV,12,2016
ap_670,Jormungand,4,TV,12,2012
ap_671,Detective Conan Movie 16: The Eleventh Striker,4,Movie,1 ep,2012
ap_672,Baki: Son of Ogre 2,4,Web,27,2023
ap_673,Shirobako,4,TV,24,2014 - 2015
ap_674,Seraph of the End: Battle in Nagoya,4,TV,12,2015
ap_675,"Clannad: Another World, Tomoyo Chapter",4,DVD Special,1 ep,2008
ap_676,How to Keep a Mummy,4,TV,12,2018
ap_677,Assassination Classroom: Jump Festa 2013 Special,4,Other,1 ep,2013
ap_678,Tanaka-kun is Always Listless,4,TV,12,2016
ap_679,Eclipse of Illusion,4,Web,26,2025
ap_680,Nanbaka 2nd Season,4,Web,12,2017
ap_681,Berserk: The Golden Age Arc - Memorial Edition,4,TV,13,2022
ap_682,The Prince of Tennis: The National Tournament,4,OVA,13,2006 - 2007
ap_683,Monthly Girls' Nozaki-kun,4,TV,12,2014
ap_684,Girls' Last Tour,4,TV,12,2017
ap_685,Hanamonogatari,4,TV Special,5,2014
ap_686,Mobile Suit Gundam Unicorn,4,OVA,7,2010 - 2014
ap_687,Martial Universe 6th Season,4,Web,12,2025
ap_688,"BOFURI: I Don’t Want to Get Hurt, so I’ll Max Out My Defense.",4,TV,12,2020
ap_689,Cardcaptor Sakura: The Movie 2: The Sealed Card,4,Movie,1 ep,2000
ap_690,Stellar Transformation 4th Season,4,Web,16,2022
ap_691,Touhou Gensou Mangekyou: The Memories of Phantasm,4,OVA,20,2011 - 2023
ap_692,REBORN!,4,TV,203,2006 - 2010
ap_693,The Story of Saiunkoku 2nd Series,4,TV,39,2007 - 2008
ap_694,Initial D Legend 1: Awakening,4,Movie,1 ep,2014
ap_695,Shrouding the Heavens,4,Web,147+,2023 - ?
ap_696,Spice and Wolf II OVA,4,OVA,1 ep,2009
ap_697,Blue Giant,4,Movie,1 ep,2023
ap_698,Scissor Seven,4,Web,10,2018
ap_699,Beastars Final Season,4,Web,12,2024
ap_700,Ghost in the Shell 2.0,4,Movie,1 ep,2008
ap_701,Your Letter,4,Movie,1 ep,2025
ap_702,Sword Art Online: Alicization - War of Underworld,4,TV,12,2019
ap_703,millennium parade: U,4,Music Video,1 ep,2021
ap_704,Osomatsu-san The Movie,4,Movie,1 ep,2019
ap_705,My Teen Romantic Comedy SNAFU TOO! OVA,4,OVA,1 ep,2016
ap_706,Big Windup! 2,4,TV,13,2010
ap_707,The Eccentric Family 2,4,TV,12,2017
ap_708,Interstella 5555 - The 5tory of the 5ecret 5tar 5ystem,4,Movie,1 ep,2003
ap_709,Hyouka,4,TV,22,2012
ap_710,Ushio and Tora TV (2016),4,TV,13,2016
ap_711,Thunderbolt Fantasy: Sword Seekers 2,4,TV,13,2018
ap_712,Log Horizon 2,4,TV,25,2014 - 2015
ap_713,The Angel Next Door Spoils Me Rotten,4,TV,12,2023
ap_714,The Yakuza's Guide to Babysitting,4,TV,12,2022
ap_715,Blue Period.,4,TV,12,2021
ap_716,Saint Seiya: The Hades Chapter - Sanctuary: Yomigaerishi Gold Saint-tachi no Shinwa,4,OVA,2,2003
ap_717,Neon Genesis Evangelion: The End of Evangelion,4,Movie,1 ep,1997
ap_718,The Fable,4,TV,25,2024
ap_719,Clevatess,4,TV,12,2025
ap_720,Naruto Shippuden Movie 6: Road to Ninja,4,Movie,1 ep,2012
ap_721,Big Brother 3rd Season,4,Web,52,2024 - 2025
ap_722,Tales of Demon and God 3rd Season,4,Web,40,2018 - 2019
ap_723,The Island of Siliang,4,Web,15,2021
ap_724,Fairy Tail: 100 Years Quest,4,TV,25,2024 - 2025
ap_725,Naruto,4,TV,220,2002 - 2007
ap_726,Lian Qi Shi Wan Nian,4,Web,317+,2023 - ?
ap_727,Fate/strange Fake: Whispers of Dawn,4,TV Special,1 ep,2023
ap_728,Lost in Starlight,4,Web,1 ep,2025
ap_729,Shadows House,4,TV,13,2021
ap_730,Sword Art Online: Progressive Movie 2 - Scherzo of Deep Night,4,Movie,1 ep,2022
ap_731,From the New World,4,TV,25,2012 - 2013
ap_732,Attack on Titan: Lost Girls,4,OVA,3,2017 - 2018
ap_733,The Garden of Sinners Movie 2:  ...And Nothing Heart. (Murder Speculation Part A),4,Movie,1 ep,2007
ap_734,Thousand Autumns: Xiao Juchang,4,Web,95,2021
ap_735,Kokoro Connect: Michi Random,4,TV Special,4,2012
ap_736,Blue Exorcist,4,TV,25,2011
ap_737,Durarara!! Specials,4,DVD Special,2,2010 - 2011
ap_738,Apocalypse Hotel,4,TV,12,2025
ap_739,Digimon Adventure Movie: Last Evolution Kizuna,4,Movie,1 ep,2020
ap_740,Detective Conan Movie 1: The Time Bombed Skyscraper,4,Movie,1 ep,1997
ap_741,Neon Genesis Evangelion,4,TV,26,1995 - 1996
ap_742,Eve: Fight Song,4,Music Video,1 ep,2022
ap_743,Detective Conan Movie 2: The Fourteenth Target,4,Movie,1 ep,1998
ap_744,Death Billiards,4,Movie,1 ep,2013
ap_745,My Teen Romantic Comedy SNAFU,4,TV,13,2013
ap_746,Broken Blade Movie 6: Fortress of Lamentation,4,Movie,1 ep,2011
ap_747,The Eden of Grisaia,4,TV,10,2015
ap_748,The Labyrinth of Grisaia,4,TV Special,1 ep,2015
ap_749,The Morose Mononokean II,4,TV,13,2019
ap_750,Lupin III vs Detective Conan: The Movie,4,Movie,1 ep,2013
ap_751,Saint Seiya: The Hades Chapter - Sanctuary,4,OVA,13,2002 - 2003
ap_752,Tatsuki Fujimoto 17-26,4,Web,8,2025
ap_753,Komi Can't Communicate,4,TV,12,2021
ap_754,Eden of the East,4,TV,11,2009
ap_755,Sket Dance OVA,4,OVA,1 ep,2013
ap_756,Kaiji - Ultimate Survivor,4,TV,26,2007 - 2008
ap_757,Berserk: Golden Age Arc I - The Egg of the King,4,Movie,1 ep,2012
ap_758,Golden Kamuy,4,TV,12,2018
ap_759,Mob Psycho 100 II: The First Spirits and Such Company Trip - A Journey that Mends the Heart and Heals the Soul,4,OVA,1 ep,2019
ap_760,Broken Blade Movie 2: The Path of Separation,4,Movie,1 ep,2010
ap_761,The Devil is a Part-Timer!,4,TV,13,2013
ap_762,Pretty Guardian Sailor Moon Cosmos Movie 2,4,Movie,1 ep,2023
ap_763,Tsurune,4,TV,13,2018 - 2019
ap_764,Fights Break Sphere 2nd Season,4,Web,12,2018
ap_765,Hakuouki Movie 2: Warrior Spirit of the Blue Sky,4,Movie,1 ep,2014
ap_766,100 Meters,4,Movie,1 ep,2025
ap_767,Legend of Exorcism,4,Web,13,2020
ap_768,Stellar Transformation,4,Web,12,2018
ap_769,Silver Fang,4,TV,21,1986
ap_770,Hellsing Ultimate: Digest for Freaks,4,TV Special,1 ep,2006
ap_771,Demon Slayer: Kimetsu no Yaiba - Mugen Train,4.4,TV,7,2021
ap_772,Bleach: Thousand-Year Blood War: Part II - The Separation,4.4,TV,13,2023
ap_773,Banana Fish,4.4,TV,24,2018
ap_774,The Promised Neverland,4.4,TV,12,2019
ap_775,Hajime no Ippo: The Fighting!,4.4,TV,75,2000 - 2002
ap_776,Swallowed Star 4th Season,4.4,Web,125+,2023 - ?
ap_777,Hajime no Ippo: New Challenger,4.4,TV,26,2009
ap_778,That Time I Got Reincarnated as a Slime,4.4,TV,24,2018 - 2019
ap_779,Assassination Classroom 2nd Season,4.4,TV,25,2016
ap_780,Jujutsu Kaisen 0: The Movie,4.4,Movie,1 ep,2021
ap_781,The Dangers in My Heart 2nd Season,4.4,TV,13,2024
ap_782,86: Eighty-Six - Part II,4.4,TV,12,2021 - 2022
ap_783,Mushishi Zoku Shou 2nd Season,4.4,TV,10,2014
ap_784,Demon Slayer: Kimetsu no Yaiba - Swordsmith Village Arc,4.4,TV,11,2023
ap_785,Wolf Children,4.4,Movie,1 ep,2012
ap_786,Soul Land 2nd Season,4.4,Web,237,2018 - 2023
ap_787,Bungo Stray Dogs 4th Season,4.4,TV,13,2023
ap_788,Kingdom 4,4.4,TV,26,2022
ap_789,Code Geass: Lelouch of the Rebellion,4.4,TV,25,2006 - 2007
ap_790,Natsume's Book of Friends Season 3,4.4,TV,13,2011
ap_791,Kamisama Kiss: Kako-hen,4.4,OVA,4,2015 - 2016
ap_792,Kingdom 3,4.4,TV,26,2020 - 2021
ap_793,Attack on Titan,4.4,TV,25,2013
ap_794,JoJo’s Bizarre Adventure: Stardust Crusaders - Battle in Egypt,4.4,TV,24,2015
ap_795,Natsume's Book of Friends Season 7,4.4,TV,12,2024
ap_796,Mushishi Zoku Shou,4.4,TV,10,2014
ap_797,Attack on Titan 2nd Season,4.4,TV,12,2017
ap_798,Fights Break Sphere 5th Season,4.4,Web,184+,2022 - ?
ap_799,Solo Leveling,4.4,TV,12,2024
ap_800,YOASOBI: Idol,4.4,Music Video,1 ep,2023
ap_801,Yona of the Dawn: Zeno Arc,4.4,OVA,2,2016
ap_802,Mob Psycho 100 III,4.4,TV,12,2022
ap_803,JoJo's Bizarre Adventure: Diamond is Unbreakable,4.4,TV,39,2016
ap_804,Kingdom 5,4.3,TV,13,2024
ap_805,Link Click: Bridon Arc,4.3,Web,6,2024 - 2025
ap_806,Fanren Xiu Xian Chuan,4,Web,17,2020
ap_807,The Demon Girl Next Door 2,4,TV,12,2022
ap_808,Hungry Days x One Piece,4,Web,4,2019 - 2020
ap_809,Dawang Raoming,4,Web,12,2021 - 2022
ap_810,Xian Ni: Shenlin Zhi Zhan,4,Web,1 ep,2025
ap_811,Detective Conan Movie 12: Full Score of Fear,4,Movie,1 ep,2008
ap_812,Tower of God,4,TV,13,2020
ap_813,Kase-san & Morning Glories,4,Movie,1 ep,2018
ap_814,Legend of the Galactic Heroes: Overture to a New War,4,Movie,1 ep,1993
ap_815,That Time I Got Reincarnated as a Slime: Visions of Coleus,4,OVA,3,2023
ap_816,Kaguya-sama: Love is War - Ultra Romantic PV - Yu Ishigami Wants to Discuss It,4,Other,1 ep,2021
ap_817,Kuroko's Basketball Movie 1: Winter Cup Highlights -Shadow and Light-,4,Movie,1 ep,2016
ap_818,Natsume's Book of Friends: Nyanko-sensei & The First Errand,4,OVA,1 ep,2013
ap_819,The God of War Dominates,4,Web,628+,2020 - ?
ap_820,Martial Universe 3rd Season,4,Web,12,2022
ap_821,Zombie Land Saga Revenge,4,TV,12,2021
ap_822,Eve: Dramaturgy,4,Music Video,1 ep,2017
ap_823,Non Non Biyori Nonstop OVA,4,OVA,1 ep,2022
ap_824,Aggretsuko,4,Web,10,2018
ap_825,Spiritpact: Bond of The Underworld,4,TV,12,2018
ap_826,Chiikawa,4,TV,315+,2022 - ?
ap_827,Black Butler,4,TV,24,2008 - 2009
ap_828,Restaurant to Another World 2,4,TV,12,2021
ap_829,Orange,4,TV,13,2016
ap_830,D.Gray-man,4,TV,103,2006 - 2008
ap_831,Legend of the Galactic Heroes Gaiden Season 2,4,OVA,28,1999 - 2000
ap_832,Dragon Ball Super,4,TV,131,2015 - 2018
ap_833,Seitokai Yakuindomo* OVA,4,OVA,10,2014 - 2020
ap_834,Wu Shan Wu Xing: Xichuan Huan Zi Lin,4,Web,4,2023
ap_835,Kakuriyo: Bed & Breakfast for Spirits,4,TV,26,2018
ap_836,PSYCHO-PASS 3: First Inspector,4,Movie,1 ep,2020
ap_837,Aria the Natural,4,TV,26,2006
ap_838,Mobile Suit Gundam: The 08th MS Team,4,OVA,12,1996 - 1999
ap_839,The Duke of Death and His Maid 3rd Season,4,TV,12,2024
ap_840,Pokemon: The Origin,4,TV Special,4,2013
ap_841,Rascal Does Not Dream of Santa Claus,4,TV,13,2025
ap_842,My Happy Marriage,4,TV,12,2023
ap_843,Baby Steps,4,TV,25,2014
ap_844,The Anthem of the Heart,4,Movie,1 ep,2015
ap_845,Sword Art Online: Alicization - War of Underworld: Part II,4,TV,11,2020
ap_846,Taisho Otome Fairy Tale,4,TV,12,2021
ap_847,Stellar Transformation 3rd Season,4,Web,12,2021
ap_848,Free! Eternal Summer,4,TV,13,2014
ap_849,Little Witch Academia TV,4,TV,25,2017
ap_850,Yumeiro Pâtissière,4,TV,50,2009 - 2010
ap_851,The Cat Returns,4,Movie,1 ep,2002
ap_852,Medalist Season 2,4,TV,2+,2026 - ?
ap_853,Paprika,4,Movie,1 ep,2006
ap_854,Real Girl 2nd Season,4,TV,12,2019
ap_855,Detective Conan Movie 21: The Crimson Love Letter,4,Movie,1 ep,2017
ap_856,MF Ghost 2nd Season,4,TV,12,2024
ap_857,D.Gray-man Hallow,4,TV,13,2016
ap_858,Attack on Titan Movie 2: The Wings of Freedom,4,Movie,1 ep,2015
ap_859,Blue Spring Ride,4,TV,12,2014
ap_860,Noragami OVA,4,OVA,2,2014
ap_861,Creepy Nuts: Otonoke,4,Music Video,1 ep,2024
ap_862,Fairies Albums 2nd Season,4,Web,12,2021
ap_863,The Millionaire Detective - Balance:Unlimited,4,TV,11,2020
ap_864,Code Geass: Lelouch of the Rebellion R2 Special Edition - Zero Requiem,4,OVA,1 ep,2009
ap_865,Cherry Magic! Thirty Years of Virginity Can Make You a Wizard?! Special,4,Movie,1 ep,2024
ap_866,Attack on Titan OVA,4,OVA,3,2013 - 2014
ap_867,Legendary Overlord: Part II,4,Web,4,2020
ap_868,Fairies Albums 5th Season,4,Web,12,2025
ap_869,Mobile Suit Gundam Wing: Endless Waltz Special Edition,4,Movie,1 ep,1998
ap_870,Phantom: Requiem for the Phantom,4,TV,26,2009
ap_871,Laid-Back Camp 3rd Season,4,TV,12,2024
ap_872,Ride Your Wave,4,Movie,1 ep,2019
ap_873,Blood Blockade Battlefront & Beyond,4,TV,12,2017
ap_874,Bocchi the Rock! Re:,4,Movie,1 ep,2024
ap_875,One Way or Another,4,Web,16,2024 - 2025
ap_876,High School DxD NEW,4,TV,12,2013
ap_877,Ling Long 2nd Season,4,Web,12,2025
ap_878,Free! Timeless Medley: The Promise,4,Movie,1 ep,2017
ap_879,Beyond Time's Gaze,4,Web,7+,2025 - ?
ap_880,Lupin III: The Castle of Cagliostro,4,Movie,1 ep,1979
ap_881,Out of Sight,4,Web,1 ep,2010
ap_882,Detective Conan Movie 17: Zekkai no Private Eye,4,Movie,1 ep,2013
ap_883,Liz and the Blue Bird,4,Movie,1 ep,2018
ap_884,Beastars 2,4,TV,12,2021
ap_885,Glass Mask (2005),4,TV,51,2005 - 2006
ap_886,Gushing over Magical Girls,4,TV,13,2024
ap_887,Goblin Slayer,4,TV,12,2018
ap_888,Detective Conan,4,TV,1191+,1996 - ?
ap_889,Magical Girl Lyrical Nanoha The MOVIE 1st,4,Movie,1 ep,2010
ap_890,Pokemon: GOTCHA!,4,Music Video,1 ep,2020
ap_891,Free! Movie: The Final Stroke - Zenpen,4,Movie,1 ep,2021
ap_892,Is It Wrong to Try to Pick Up Girls in a Dungeon? III,4,TV,12,2020
ap_893,xxxHOLiC Movie: A Midsummer Night's Dream,4,Movie,1 ep,2005
ap_894,Magic Kaito,4,TV Special,12,2010 - 2012
ap_895,Pokemon XY&Z,4,TV,47,2015 - 2016
ap_896,Di Yi Xulie,4,Web,16,2023
ap_897,Yuru Yuri San☆Hai!,4,TV,12,2015
ap_898,Lupin III: Part IV,4,TV,24,2015 - 2016
ap_899,Magical Girl Lyrical Nanoha A's,4,TV,13,2005
ap_900,Tamako Love Story,4,Movie,1 ep,2014
ap_901,My Next Life as a Villainess: All Routes Lead to Doom!,4,TV,12,2020
ap_902,"The Tunnel to Summer, the Exit of Goodbyes",4,Movie,1 ep,2022
ap_903,The Melancholy of Haruhi Suzumiya,4,TV,14,2006
ap_904,"The Night is Short, Walk On Girl",4,Movie,1 ep,2017
ap_905,Date A Live II: Kurumi Star Festival,4,OVA,1 ep,2014
ap_906,Bleach,4,TV,366,2004 - 2012
ap_907,The Prince of Tennis II OVA vs. Genius 10,4,OVA,10,2014 - 2015
ap_908,Tentai Senshi Sunred 2,4,TV,26,2009 - 2010
ap_909,Love Live! The School Idol Movie,4,Movie,1 ep,2015
ap_910,Wu Shan Wu Xing,4,Web,3,2020
ap_911,Bloom Into You,4,TV,13,2018
ap_912,The Quintessential Quintuplets,4,TV,12,2019
ap_913,Sekai-ichi Hatsukoi: World's Greatest First Love - Proposal-hen,4,Movie,1 ep,2020
ap_914,Anohana: The Flower We Saw That Day Movie,4,Movie,1 ep,2013
ap_915,Kill La Kill,4,TV,24,2013 - 2014
ap_916,Final Fantasy VII: Advent Children,4,Movie,1 ep,2005
ap_917,When They Cry: Higurashi,4,TV,26,2006
ap_918,Hidamari Sketch: Sae & Hiro's Graduation Arc,4,OVA,2,2013
ap_919,Tales of Demon and God 9th Season,4,Web,52,2025
ap_920,Sword Art Online Movie: Ordinal Scale,4,Movie,1 ep,2017
ap_921,Wolf's Rain OVA,4,OVA,4,2004
ap_922,Legendary Overlord 2nd Season,4,Web,22,2020 - 2021
ap_923,Hi Score Girl: Extra Stage,4,OVA,3,2019
ap_924,Detective Conan Movie 24: The Scarlet Bullet,4,Movie,1 ep,2021
ap_925,Bocchi the Rock! Re:Re:,4,Movie,1 ep,2024
ap_926,Sacrificial Princess and the King of Beasts,4,TV,24,2023
ap_927,Eve: Ao no Waltz,4,Music Video,1 ep,2020
ap_928,Final Fantasy VII: Advent Children Complete,4,Movie,1 ep,2009
ap_929,Call of the Night,4,TV,13,2022
ap_930,Eve: As You Like It,4,Music Video,1 ep,2017
ap_931,Fanren Xiu Xian Chuan Tebie Pian: Yan Jia Bao Dazhan,4,Web,4,2021
ap_932,Martial Universe 4th Season,4,Web,12,2023 - 2024
ap_933,Saint Seiya: The Lost Canvas - Meiou Shinwa,4,OVA,13,2009 - 2010
ap_934,Baka and Test - Summon the Beasts 2,4,TV,13,2011
ap_935,Yatagarasu: The Raven Does Not Choose Its Master,4,TV,20,2024
ap_936,Akame ga Kill!,4,TV,24,2014
ap_937,Reincarnated as a Sword,4,TV,12,2022
ap_938,Dawang Raoming 2,4,Web,12,2023 - 2024
ap_939,Detective Conan: The Burning Galactic Railway,4,Movie,1 ep,2020
ap_940,Hanasaku Iroha,4,TV,26,2011
ap_941,Life Lessons with Uramichi Oniisan,4,TV,13,2021
ap_942,Mashle: Magic and Muscles,4,TV,12,2023
ap_943,Alderamin on the Sky,4,TV,13,2016
ap_944,Lupin III: The First,4,Movie,1 ep,2019
ap_945,Ghost Hunt,4,TV,25,2006 - 2007
ap_946,Pompo: The Cinéphile,4,Movie,1 ep,2021
ap_947,Detective Conan OVA 10: Kid in Trap Island,4,OVA,1 ep,2010
ap_948,Free! Dive to the Future,4,TV,12,2018
ap_949,"Clannad: Another World, Kyou Chapter",4,DVD Special,1 ep,2009
ap_950,Semantic Error,4,Web,4,2021
ap_951,Lucky Star OVA,4,OVA,1 ep,2008
ap_952,Hi Score Girl II,4,TV,9,2019
ap_953,The Royal Tutor,4,TV,12,2017
ap_954,Detective Conan Movie 7: Crossroad in the Ancient Capital,4,Movie,1 ep,2003
ap_955,Broken Blade Movie 1: The Time of Awakening,4,Movie,1 ep,2010
ap_956,Ruri Rocks,4,TV,13,2025
ap_957,PSYCHO-PASS: The Movie,4,Movie,1 ep,2015
ap_958,Outlaw Star,4,TV,26,1998
ap_959,Seitokai Yakuindomo OVA,4,OVA,8,2011 - 2013
ap_960,Blue Lock: Additional Time!,4,Web,37,2022 - 2024
ap_961,ID:INVADED,4,TV,13,2020
ap_962,The Garden of Words,4,Movie,1 ep,2013
ap_963,Major 2nd: Second Season,4,TV,25,2020
ap_964,Ascendance of a Bookworm OVA,4,OVA,2,2020
ap_965,High School DxD BorN,4,TV,12,2015
ap_966,Martial Universe 5th Season,4,Web,12,2025
ap_967,Full Metal Panic! The Second Raid: A Relatively Leisurely Day in the Life of a Fleet Captain,4,OVA,1 ep,2006
ap_968,Sword Art Online: Alicization,4,TV,24,2018 - 2019
ap_969,The World is Still Beautiful,4,TV,12,2014
ap_970,K-On!,4,TV,13,2009
ap_971,The Yuzuki Family's Four Sons,4,TV,12,2023
ap_972,Hikaru no Go: Journey to the North Star Cup,4,TV Special,1 ep,2004
ap_973,Junjou Romantica,4,TV,12,2008
ap_974,91 Days,4,TV,12,2016
ap_975,Detective Conan Movie 9: Strategy Above the Depths,4,Movie,1 ep,2005
ap_976,Macross Frontier,4,TV,25,2007 - 2008
ap_977,Persona 5 OP,4,Other,1 ep,2016
ap_978,There Are Beasts 3rd Season,4,Web,12,2024
ap_979,Non Non Biyori,4,TV,12,2013
ap_980,Peerless Battle Spirit (2024),4,Web,161+,2024 - ?
ap_981,Yotsuiro Biyori,4,TV,12,2018
ap_982,Record of Ragnarok III,4,Web,15,2025
ap_983,Free! Timeless Medley: The Bond,4,Movie,1 ep,2017
ap_984,Fire Force Season 3,4,TV,12,2025
ap_985,Vampire Hunter D: Bloodlust,4,Movie,1 ep,2000
ap_986,Magic Kaito 1412,4,TV,24,2014 - 2015
ap_987,Sakamoto Days,4,TV,11,2025
ap_988,Detective Conan OVA 9: The Stranger of 10 Years,4,OVA,1 ep,2009
ap_989,The Wrong Way to Use Healing Magic,4,TV,13,2024
ap_990,Zhui Xu,4,Web,12,2023
ap_991,Persona 3 the Movie 4: Winter of Rebirth,4,Movie,1 ep,2016
ap_992,Okko's Inn Movie,4,Movie,1 ep,2018
ap_993,Slayers Try,4,TV,26,1997
ap_994,Beastars,4,TV,12,2019
ap_995,Ling Jian Zun 4th Season,4,Web,100,2020 - 2021
ap_996,There Are Beasts 4th Season,4,Web,12,2024
ap_997,Kuroko's Basketball: Let's Do That Again,4,DVD Special,1 ep,2014
ap_998,Chainsaw Man The Compilation,4,Web,2,2025
ap_999,Uma Musume: Pretty Derby - Road to the Top Movie,4,Movie,1 ep,2024
ap_1000,Hakuouki Movie 1: Wild Dance of Kyoto,4,Movie,1 ep,2013
ap_1001,Seitokai Yakuindomo Movie,4,Movie,1 ep,2017
ap_1002,Plastic Memories,4,TV,13,2015
ap_1003,Sword Art Online,4,TV,25,2012
ap_1004,Miss Kobayashi's Dragon Maid: Valentines and Hot Springs! (Please Don't Get Your Hopes Up),4,DVD Special,1 ep,2017
ap_1005,Kun Tun Tianxia Zhi Zhang Men Guilai,4,Web,12,2025
ap_1006,Undead Murder Farce,4,TV,13,2023
ap_1007,Dragon Ball,4,TV,153,1986 - 1989
ap_1008,Junjou Romantica OVA,4,OVA,1 ep,2012
ap_1009,PSYCHO-PASS SS: Case. 3 - Vengeance's Horizon,4,Movie,1 ep,2019
ap_1010,Saiyuki Gaiden,4,OVA,3,2011 - 2012
ap_1011,Dawid Podsiadło: Let You Down,4,Music Video,1 ep,2022
ap_1012,Sugar Apple Fairy Tale: Part II,4,TV,12,2023
ap_1013,A Day Before Us 2,4,Web,15,2018
ap_1014,Doraemon Movie 31: Shin Nobita to Tetsujin Heidan - Habatake Tenshi-tachi,4,Movie,1 ep,2011
ap_1015,Hell's Paradise: Jigokuraku PV,4,Web,2,2021 - 2022
ap_1016,March Comes in like a Lion 2nd Season,4.3,TV,22,2017 - 2018
ap_1017,The Disastrous Life of Saiki K. 2nd Season,4.3,TV,24,2018
ap_1018,Lord of Mysteries,4.3,Web,13,2025
ap_1019,Princess Mononoke,4.3,Movie,1 ep,1997
ap_1020,Dandadan 2nd Season,4.3,TV,12,2025
ap_1021,Hajime no Ippo: Rising,4.3,TV,25,2013 - 2014
ap_1022,ERASED,4.3,TV,12,2016
ap_1023,Attack on Titan: No Regrets,4.3,OVA,2,2014 - 2015
ap_1024,Kaguya-sama: Love Is War?,4.3,TV,12,2020
ap_1025,Bocchi the Rock!,4.3,TV,12,2022
ap_1026,Cowboy Bebop,4.3,TV,26,1998 - 1999
ap_1027,Kaiju No. 8,4.3,TV,12,2024
ap_1028,Moriarty the Patriot 2nd Season,4.3,TV,13,2021
ap_1029,Kaguya-sama: Love is War - The First Kiss Never Ends,4.3,Movie,1 ep,2022
ap_1030,Monogatari Series: Second Season,4.3,TV,26,2013
ap_1031,Kuroko's Basketball 3,4.3,TV,25,2015
ap_1032,Bleach: Thousand-Year Blood War: Part III - The Conflict,4.3,TV,14,2024
ap_1033,Gintama: Porori-hen,4.3,TV,13,2017
ap_1034,Dr. Stone: Science Future - Part II,4.3,TV,12,2025
ap_1035,The Master of Diabolism Q,4.3,Web,30,2020 - 2021
ap_1036,Hotarubi no Mori e,4.3,Movie,1 ep,2011
ap_1037,I Want to Eat Your Pancreas,4.3,Movie,1 ep,2018
ap_1038,Dandadan,4.3,TV,12,2024
ap_1039,Natsume's Book of Friends Season 2,4.3,TV,13,2009
ap_1040,Owarimonogatari II,4.3,TV Special,2,2017
ap_1041,Oshi no Ko,4.3,TV,11,2023
ap_1042,Oshi no Ko 2nd Season,4.3,TV,13,2024
ap_1043,Haikyuu!! Movie 4: Battle of Concepts,4.3,Movie,1 ep,2017
ap_1044,Descending Stories: Shouwa Genroku Rakugo Shinjuu,4.3,TV,12,2017
ap_1045,Violet Evergarden: Eternity and the Auto Memory Doll,4.3,Movie,1 ep,2019
ap_1046,Mushoku Tensei: Jobless Reincarnation - Part II,4.3,TV,12,2021
ap_1047,Dr. Stone,4.3,TV,24,2019
ap_1048,Rurouni Kenshin: Tsuiokuhen,4.3,OVA,4,1999
ap_1049,Sasaki and Miyano,4.3,TV,12,2022
ap_1050,Doukyuusei,4.3,Movie,1 ep,2016
ap_1051,My Hero Academia 2,4.3,TV,25,2017
ap_1052,Takopi’s Original Sin,4.3,Web,6,2025
ap_1053,Mob Psycho 100,4.3,TV,12,2016
ap_1054,Great Teacher Onizuka,4.3,TV,43,1999 - 2000
ap_1055,My Hero Academia 3,4.3,TV,25,2018
ap_1056,Cyberpunk: Edgerunners,4.3,Web,10,2022
ap_1057,Kizumonogatari Part 3: Reiketsu,4.3,Movie,1 ep,2017
ap_1058,Kamisama Kiss 2nd Season,4.3,TV,12,2015
ap_1059,Made in Abyss,4.3,TV,13,2017
ap_1060,My Hero Academia 6,4.3,TV,25,2022 - 2023
ap_1061,SK8 the Infinity,4.3,TV,12,2021
ap_1062,SPY x FAMILY: Part II,4.3,TV,13,2022
ap_1063,Delicious in Dungeon,4.3,TV,24,2024
ap_1064,Your lie in April,4.3,TV,22,2014 - 2015
ap_1065,One Piece,4.3,TV,1155+,1999 - ?
ap_1066,Demon Slayer: Kimetsu no Yaiba - Hashira Training Arc,4.3,TV,8,2024
ap_1067,Heaven Official's Blessing Short Films,4.3,Web,2+,2025 - ?
ap_1068,Rascal Does Not Dream of a Dreaming Girl,4.3,Movie,1 ep,2019
ap_1069,Natsume's Book of Friends Season 6 Specials,4.3,DVD Special,2,2017
ap_1070,Castlevania Season 4,4.3,Web,10,2021
ap_1071,Horimiya,4.3,TV,13,2021
ap_1072,Fanren Xiu Xian Chuan: Di Si Ji,4.3,Web,52,2025 - 2026
ap_1073,Sasaki and Miyano: Graduation Chapter,4.3,Movie,1 ep,2023
ap_1074,Fruits Basket 1st Season,4.3,TV,25,2019
ap_1075,The Garden of Sinners Movie 5: Paradox Paradigm,4.3,Movie,1 ep,2008
ap_1076,Vinland Saga Season 2,4.3,TV,24,2023
ap_1077,Tales of Herding Gods,4.3,Web,68+,2024 - ?
ap_1078,Chainsaw Man,4.3,TV,12,2022
ap_1079,Death Note,4.3,TV,37,2006 - 2007
ap_1080,Steins;Gate Movie: Load Region of Deja Vu,4.3,Movie,1 ep,2013
ap_1081,Bakuman. 3,4.3,TV,25,2012 - 2013
ap_1082,Kingdom 6,4.3,TV,13,2025
ap_1083,The Disastrous Life of Saiki K.,4.3,TV,120,2016
ap_1084,Mushishi: Hihamukage,4.3,TV Special,1 ep,2014
ap_1085,Bungo Stray Dogs 3rd Season,4.3,TV,12,2019
ap_1086,Fate/Zero 2,4.3,TV,12,2012
ap_1087,Haikyuu!! Movie 3: Talent and Sense,4.3,Movie,1 ep,2017
ap_1088,Kuroko's Basketball 2,4.3,TV,25,2013 - 2014
ap_1089,Kono Oto Tomare! 2nd Season,4.3,TV,13,2019
ap_1090,Natsume's Book of Friends Movie: Ephemeral Bond,4.3,Movie,1 ep,2018
ap_1091,Dororo (2019),4.3,TV,24,2019
ap_1092,The Fragrant Flower Blooms With Dignity,4.3,TV,13,2025
ap_1093,To Your Eternity,4.3,TV,20,2021
ap_1094,Dr. Stone: New World - Part II,4.3,TV,11,2023
ap_1095,Haikyuu!! Tokushuu! Harukou Volley ni Kaketa Seishun,4.3,OVA,1 ep,2017
ap_1096,Bunny Drop,4.3,TV,11,2011
ap_1097,Dr. Stone: Stone Wars,4.3,TV,11,2021
ap_1098,Mushishi Zoku Shou: Suzu no Shizuku,4.3,Movie,1 ep,2015
ap_1099,Legend of the Galactic Heroes,4.3,OVA,110,1988 - 1997
ap_1100,Given Movie,4.3,Movie,1 ep,2020
ap_1101,Rosa Walton: I Really Want to Stay At Your House,4.3,Music Video,1 ep,2022
ap_1102,The Disappearance of Haruhi Suzumiya,4.3,Movie,1 ep,2010
ap_1103,Fights Break Sphere: San Nian Zhi Yue,4.3,Web,13,2021 - 2022
ap_1104,Renegade Immortal,4.3,Web,126+,2023 - ?
ap_1105,Given Movie 3: Umi e,4.3,Movie,1 ep,2024
ap_1106,Made in Abyss Movie: Dawn of the Deep Soul,4.3,Movie,1 ep,2020
ap_1107,Ace of the Diamond: Act II,4.3,TV,52,2019 - 2020
ap_1108,Gintama: Shinyaku Benizakura-hen,4.3,Movie,1 ep,2010
ap_1109,Ranking of Kings,4.3,TV,23,2021 - 2022
ap_1110,Oshi no Ko 3rd Season,4.3,TV,4+,2026 - ?
ap_1111,Yuri!!! on Ice,4.3,TV,12,2016
ap_1112,Major Season 5,4.3,TV,25,2009
ap_1113,Moriarty the Patriot,4.3,TV,11,2020
ap_1114,Look Back,4.3,Movie,1 ep,2024
ap_1115,The Legend of Hei,4.3,Movie,1 ep,2019
ap_1116,The Rising of the Shield Hero,4.3,TV,25,2019
ap_1117,Black Butler: Book of the Atlantic,4.3,Movie,1 ep,2017
ap_1118,The Disastrous Life of Saiki K. 3,4.3,TV Special,1 ep,2018
ap_1119,The Boy and the Beast,4.3,Movie,1 ep,2015
ap_1120,To Be Hero X PV,4.3,Web,1 ep,2022
ap_1121,Fate/stay night: Heaven's Feel III. spring song,4.3,Movie,1 ep,2020
ap_1122,One Piece Movie 14: Stampede,4.3,Movie,1 ep,2019
ap_1123,Kizumonogatari Part 2: Nekketsu,4.3,Movie,1 ep,2016
ap_1124,Saga of Tanya the Evil Movie,4.3,Movie,1 ep,2019
ap_1125,"Kamisama Kiss: Kamisama, Shiawase ni Naru",4.3,OVA,1 ep,2016
ap_1126,Laid-Back Camp 2nd Season,4.3,TV,13,2021
ap_1127,To Be Hero X,4.3,Web,24,2025
ap_1128,JoJo's Bizarre Adventure Re-Edited,4.3,TV Special,3,2014
ap_1129,Odd Taxi,4.3,TV,13,2021
ap_1130,Barakamon,4.3,TV,12,2014
ap_1131,Hellsing Ultimate,4.3,OVA,10,2006 - 2012
ap_1132,Parasyte -the maxim-,4.3,TV,24,2014 - 2015
ap_1133,"Josee, the Tiger and the Fish",4.3,Movie,1 ep,2020
ap_1134,Steins;Gate: Egoistic Poriomania,4.3,DVD Special,1 ep,2012
ap_1135,The Garden of Sinners Movie 7: ......Not Nothing Heart. (Murder Speculation Part B),4.3,Movie,1 ep,2009
ap_1136,Steins;Gate 0,4.3,TV,23,2018
ap_1137,Overlord III,4.3,TV,13,2018
ap_1138,Made in Abyss: The Golden City of the Scorching Sun,4.3,TV,12,2022
ap_1139,My Hero Academia 4,4.3,TV,25,2019 - 2020
ap_1140,Noragami Aragoto,4.3,TV,13,2015
ap_1141,Ghost in the Shell: Stand Alone Complex 2nd Gig,4.3,TV,26,2004 - 2005
ap_1142,Mushoku Tensei: Jobless Reincarnation 2nd Season - Part II,4.3,TV,12,2024
ap_1143,KonoSuba – God’s blessing on this wonderful world! Movie: Legend of Crimson,4.3,Movie,1 ep,2019
ap_1144,SPY x FAMILY Season 3,4.3,TV,13,2025
ap_1145,Mushishi Zoku Shou: Odoro no Michi,4.3,TV Special,1 ep,2014
ap_1146,Golden Kamuy Season 3,4.3,TV,12,2020
ap_1147,JoJo's Bizarre Adventure: Stone Ocean - Part III,4.3,Web,14,2022
ap_1148,The Eminence in Shadow 2nd Season,4.3,TV,12,2023
ap_1149,Natsume's Book of Friends Season 5 Specials,4.3,DVD Special,2,2017
ap_1150,Mushishi,4.3,TV,26,2005 - 2006
ap_1151,Kuroko's Basketball: The Greatest Present,4.3,DVD Special,1 ep,2015
ap_1152,Is It Wrong to Try to Pick Up Girls in a Dungeon? IV: Part II,4.3,TV,11,2023
ap_1153,Throne of Seal 2nd Season,4.3,Web,171+,2022 - ?
ap_1154,Shangri-La Frontier 2nd season,4.3,TV,25,2024 - 2025
ap_1155,Bungo Stray Dogs 2nd Season,4.3,TV,12,2016
ap_1156,Ouran High School Host Club,4.3,TV,26,2006
ap_1157,School Babysitters,4.3,TV,12,2018
ap_1158,Ado: Usseewa,4.3,Music Video,1 ep,2020
ap_1159,Given: on the other hand,4.3,OVA,1 ep,2021
ap_1160,Kimi ni Todoke - From Me To You Season 3,4.3,Web,5,2024
ap_1161,BTS: We are Bulletproof - the Eternal,4.3,Music Video,1 ep,2020
ap_1162,Kamisama Kiss,4.3,TV,13,2012
ap_1163,Overlord IV,4.3,TV,13,2022
ap_1164,Maquia: When the Promised Flower Blooms,4.2,Movie,1 ep,2018
ap_1165,Summer Time Rendering,4.2,TV,25,2022
ap_1166,Hikari: Be My Light,4.2,Web,10,2020 - 2022
ap_1167,Food Wars! The Second Plate,4.2,TV,13,2016
ap_1168,Kuroko's Basketball: Last Game,4.2,Movie,1 ep,2017
ap_1169,Ne Zha Zhi Mo Tong Nao Hai,4.2,Movie,1 ep,2025
ap_1170,Tengen Toppa Gurren Lagann,4.2,TV,27,2007
ap_1171,JoJo's Bizarre Adventure: Stardust Crusaders,4.2,TV,24,2014
ap_1172,My Hero Academia 7,4.2,TV,21,2024
ap_1173,Dr. Stone: Science Future,4.2,TV,12,2025
ap_1174,Fate/stay night: Unlimited Blade Works 2,4.2,TV,13,2015
ap_1175,Bakuman. 2,4.2,TV,25,2011 - 2012
ap_1176,Yuri!!! on Ice: Welcome to The Madness,4.2,DVD Special,1 ep,2017
ap_1177,Re:ZERO: Starting Life in Another World Season 3: Part II,4.2,TV,8,2025
ap_1178,Kaguya-sama: Love Is War,4.2,TV,12,2019
ap_1179,Monster,4.2,TV,74,2004 - 2005
ap_1180,Gintama: Aizome Kaori-hen,4.2,OVA,2,2016
ap_1181,A Sign of Affection,4.2,TV,12,2024
ap_1182,One Piece Movie 10: Strong World,4.2,Movie,1 ep,2009
ap_1183,Swallowed Star 3rd Season,4.2,Web,33,2022 - 2023
ap_1184,Solo Leveling: Reawakening,4.2,Movie,1 ep,2024
ap_1185,Dr. Stone: New World,4.2,TV,11,2023
ap_1186,Fights Break Sphere 4th Season,4.2,Web,24,2021
ap_1187,Road of Naruto,4.2,Web,1 ep,2022
ap_1188,My Neighbor Totoro,4.2,Movie,1 ep,1988
ap_1189,GACHIAKUTA,4.2,TV,24,2025
ap_1190,Kotaro Lives Alone,4.2,Web,10,2022
ap_1191,Gintama: The Semi-Final,4.2,Web,2,2021
ap_1192,Grand Blue Season 2,4.2,TV,12,2025
ap_1193,Hajime no Ippo: Champion Road,4.2,TV Special,1 ep,2003
ap_1194,Scissor Seven 3rd Season,4.2,Web,10,2021
ap_1195,Blue Lock,4.2,TV,24,2022 - 2023
ap_1196,Ace of the Diamond: Second Season,4.2,TV,51,2015 - 2016
ap_1197,Weathering With You,4.2,Movie,1 ep,2019
ap_1198,Haikyuu!! Movie 2: Shousha to Haisha,4.2,Movie,1 ep,2015
ap_1199,Mignon,4.2,Web,12,2023
ap_1200,Snow White with the Red Hair 2nd Season,4.2,TV,12,2016
ap_1201,Violet Evergarden Special,4.2,DVD Special,1 ep,2018
ap_1202,Grave of the Fireflies,4.2,Movie,1 ep,1988
ap_1203,The King's Avatar SP,4.2,OVA,3,2018
ap_1204,Naruto Shippuden,4.2,TV,500,2007 - 2017
ap_1205,Re:ZERO: Starting Life in Another World Season 2: Part II,4.2,TV,12,2021
ap_1206,Spice and Wolf II,4.2,TV,12,2009
ap_1207,Ascendance of a Bookworm Season 2,4.2,TV,12,2020
ap_1208,My Hero Academia,4.2,TV,13,2016
ap_1209,Kaguya-sama: Love Is War - The Stairway to Adulthood,4.2,TV Special,1 ep,2025
ap_1210,Fate/stay night: Heaven's Feel II. lost butterfly,4.2,Movie,1 ep,2019
ap_1211,A Will Eternal 2nd Season,4.2,Web,54,2022 - 2023
ap_1212,Chihayafuru 3,4.2,TV,24,2019 - 2020
ap_1213,86: Eighty-Six,4.2,TV,11,2021
ap_1214,Suzume,4.2,Movie,1 ep,2022
ap_1215,Magi: The Kingdom of Magic,4.2,TV,25,2013 - 2014
ap_1216,Yona of the Dawn,4.2,TV,24,2014 - 2015
ap_1217,Shelter,4.2,Music Video,1 ep,2016
ap_1218,Anohana: The Flower We Saw That Day,4.2,TV,11,2011
ap_1219,Detective Conan: Episode One - The Great Detective Turned Small,4.2,TV Special,1 ep,2016
ap_1220,Samurai Champloo,4.2,TV,26,2004 - 2005
ap_1221,Mononoke Movie 2: Hinezumi,4.2,Movie,1 ep,2025
ap_1222,My Dress-Up Darling,4.2,TV,12,2022
ap_1223,Natsume Yuujinchou: Itsuka Yuki no Hi ni,4.2,OVA,1 ep,2014
ap_1224,The Summer Hikaru Died,4.2,TV,12,2025
ap_1225,The First Slam Dunk,4.2,Movie,1 ep,2022
